10710,1400,17,5,-92
10711,1402,17,5,-92
10712,1404,17,4,-91
10713,1410,16,3,-92
10714,1411,17,3,-92
10715,1410,16,3,-91
10716,1405,15,2,-91
10717,1400,14,2,-91
10718,1400,13,0,-91
10719,1404,11,1,-89
10720,1410,10,1,-91
10721,1421,9,2,-94
10722,1421,8,4,-99
10723,1417,8,5,-100
10724,1414,10,5,-102
10725,1414,15,4,-104
10726,1430,27,0,-111
10727,1435,30,-2,-114
10728,1437,34,-5,-118
10729,1433,36,-8,-125
10730,1429,35,-8,-127
10731,1419,34,-6,-128
10732,1404,31,-3,-129
10733,1407,28,0,-129
10734,1420,26,7,-130
10735,1423,20,21,-133
10736,1425,15,39,-141
10737,1449,10,52,-153
10738,1453,10,53,-156
10739,1430,14,52,-157
10740,1380,21,48,-152
10741,1354,22,48,-144
10742,1354,17,47,-132
10743,1350,7,44,-118
10744,1351,-6,38,-106
10745,1386,-28,36,-94
10746,1393,-34,37,-92
10747,1399,-40,38,-91
10748,1410,-47,39,-92
10749,1439,-43,36,-104
10750,1443,-39,34,-107
10751,1436,-31,31,-110
10752,1402,-4,27,-116
10753,1401,2,27,-117
10754,1408,14,27,-116
10755,1405,25,27,-114
10756,1387,30,28,-111
10757,1392,32,28,-109
10758,1410,33,28,-108
10759,1410,31,25,-108
10760,1400,26,23,-108
10761,1395,21,21,-106
10762,1391,15,19,-101
10763,1375,10,18,-92
10764,1364,7,17,-89
10765,1367,3,16,-81
10766,1376,0,13,-76
10767,1383,-3,12,-70
10768,1384,-5,11,-68
10769,1387,-6,10,-65
10770,1395,-8,11,-64
10771,1416,-9,10,-67
10772,1438,-11,9,-76
10773,1440,-11,10,-78
10774,1437,-11,10,-81
10775,1423,-11,11,-86
10776,1416,-10,11,-90
10777,1419,-9,11,-90
10778,1423,-7,11,-91
10779,1422,-5,10,-97
10780,1424,-5,10,-99
10781,1431,-5,9,-103
10782,1429,-4,9,-106
10783,1410,-6,8,-108
10784,1399,-7,8,-108
10785,1400,-9,7,-106
10786,1406,-10,7,-106
10787,1402,-12,6,-105
10788,1399,-12,6,-105
10789,1404,-12,4,-106
10790,1410,-12,2,-105
10791,1403,-11,1,-104
10792,1400,-9,0,-103
10793,1407,-8,2,-104
10794,1415,-7,3,-104
10795,1402,-3,8,-106
10796,1403,-3,9,-106
10797,1409,-2,10,-107
10798,1423,0,9,-109
10799,1438,1,1,-120
10800,1444,0,0,-123
10801,1448,-4,-2,-127
10802,1418,-17,-1,-128
10803,1402,-22,0,-128
10804,1391,-29,0,-128
10805,1403,-33,2,-126
10806,1411,-34,9,-127
10807,1414,-31,18,-130
10808,1432,-25,28,-141
10809,1457,-17,35,-152
10810,1468,-14,37,-156
10811,1419,-14,41,-156
10812,1365,-16,48,-149
10813,1329,-17,57,-137
10814,1360,-12,60,-133
10815,1400,-1,60,-128
10816,1384,10,54,-123
10817,1347,18,49,-115
10818,1375,26,45,-99
10819,1382,29,44,-96
10820,1382,30,43,-93
10821,1376,31,41,-89
10822,1412,29,42,-83
10823,1412,27,41,-82
10824,1397,22,41,-81
10825,1397,8,38,-83
10826,1419,4,37,-86
10827,1456,-2,34,-92
10828,1458,-8,31,-101
10829,1439,-14,26,-115
10830,1444,-15,26,-118
10831,1449,-14,26,-123
10832,1419,-9,27,-124
10833,1372,-3,28,-121
10834,1387,0,28,-118
10835,1401,4,25,-114
10836,1395,7,22,-110
10837,1370,11,19,-104
10838,1371,11,18,-101
10839,1383,13,17,-94
10840,1368,15,17,-85
10841,1359,16,16,-79
10842,1366,16,16,-74
10843,1389,14,17,-69
10844,1400,14,17,-66
10845,1406,11,16,-69
10846,1415,10,15,-70
10847,1425,10,14,-72
10848,1428,9,12,-75
10849,1421,8,10,-83
10850,1425,7,9,-85
10851,1432,7,9,-88
10852,1427,9,9,-95
10853,1422,9,8,-96
10854,1413,10,7,-98
10855,1410,11,6,-99
10856,1400,14,5,-96
10857,1389,16,5,-93
10858,1389,18,4,-91
10859,1396,19,3,-90
10860,1409,21,1,-90
10861,1414,21,0,-91
10862,1421,20,-2,-93
10863,1424,17,-4,-96
10864,1419,15,-5,-98
10865,1412,11,-4,-101
10866,1413,10,-2,-102
10867,1416,9,0,-105
10868,1420,9,4,-109
10869,1421,10,5,-110
10870,1420,10,4,-112
10871,1415,14,1,-114
10872,1417,26,-4,-118
10873,1420,30,-6,-119
10874,1421,35,-7,-121
10875,1413,41,-9,-123
10876,1415,40,-11,-125
10877,1421,39,-13,-126
10878,1418,32,-14,-127
10879,1407,22,-14,-126
10880,1409,15,-10,-126
10881,1410,11,-1,-127
10882,1409,8,16,-127
10883,1405,5,23,-128
10884,1403,4,41,-131
10885,1411,9,52,-135
10886,1418,22,63,-138
10887,1394,34,71,-135
10888,1369,41,79,-132
10889,1372,37,74,-126
10890,1388,22,59,-117
10891,1386,12,51,-114
10892,1390,-6,40,-111
10893,1415,-19,37,-109
10894,1432,-30,39,-110
10895,1409,-39,38,-115
10896,1411,-40,35,-117
10897,1423,-37,32,-119
10898,1431,-28,26,-122
10899,1384,-4,21,-121
10900,1408,22,23,-98
10901,1398,19,22,-95
10902,1385,18,21,-95
10903,1374,17,20,-94
10904,1369,15,18,-92
10905,1373,14,16,-89
10906,1389,12,15,-86
10907,1393,10,15,-84
10908,1392,10,15,-81
10909,1384,8,14,-79
10910,1374,7,14,-77
10911,1367,6,13,-74
10912,1364,5,13,-71
10913,1374,4,12,-69
10914,1384,3,12,-66
10915,1403,1,12,-64
10916,1406,0,12,-63
10917,1402,-3,12,-66
10918,1439,-4,12,-73
10919,1442,-4,12,-74
10920,1434,-3,12,-77
10921,1412,-2,12,-81
10922,1424,-2,13,-86
10923,1430,-2,13,-87
10924,1428,-2,11,-89
10925,1423,-3,11,-96
10926,1426,-3,10,-97
10927,1429,-5,10,-100
10928,1423,-7,9,-102
10929,1403,-9,7,-102
10930,1394,-9,7,-102
10931,1395,-9,5,-101
10932,1409,-8,5,-100
10933,1405,-7,2,-101
10934,1402,-7,1,-101
10935,1405,-5,0,-101
10936,1410,-4,-1,-99
10937,1398,-3,-1,-98
10938,1392,-2,0,-98
10939,1415,-1,1,-100
10940,1434,0,2,-101
10941,1404,1,3,-107
10942,1404,1,4,-107
10943,1410,1,4,-109
10944,1433,0,2,-112
10945,1426,-7,-1,-117
10946,1422,-10,-2,-120
10947,1425,-15,-3,-122
10948,1443,-23,-4,-129
10949,1437,-24,-4,-132
10950,1414,-24,-4,-133
10951,1396,-22,-3,-135
10952,1412,-13,0,-135
10953,1415,-10,3,-135
10954,1410,-2,14,-137
10955,1404,5,28,-141
10956,1415,5,44,-141
10957,1406,-1,48,-139
10958,1392,-14,53,-137
10959,1393,-20,63,-137
10960,1396,-18,71,-134
10961,1388,-13,72,-133
10962,1372,-2,64,-131
10963,1381,8,49,-126
10964,1388,14,45,-121
10965,1381,20,41,-113
10966,1359,23,40,-105
10967,1379,27,42,-100
10968,1423,32,42,-102
10969,1418,31,41,-103
10970,1404,29,41,-103
10971,1400,22,39,-107
10972,1442,11,32,-112
10973,1440,8,30,-112
10974,1414,3,26,-112
10975,1390,-4,21,-113
10976,1403,-6,21,-113
10977,1422,-6,21,-110
10978,1395,-5,20,-106
10979,1366,-3,20,-102
10980,1389,-2,19,-97
10981,1395,0,18,-90
10982,1378,1,16,-86
10983,1368,5,13,-80
10984,1375,7,12,-79
10985,1392,10,11,-74
10986,1385,11,11,-68
10987,1370,14,12,-64
10988,1379,15,12,-61
10989,1404,16,13,-60
10990,1426,17,11,-63
10991,1432,19,10,-71
10992,1430,18,10,-74
10993,1429,18,9,-76
10994,1434,17,7,-82
10995,1430,17,5,-89
10996,1425,16,4,-92
10997,1420,15,4,-95
10998,1423,14,2,-99
10999,1422,14,2,-100
11000,1417,14,1,-102
11001,1405,14,0,-102
11002,1400,17,0,-101
11003,1399,18,-1,-99
11004,1399,17,-2,-97
11005,1401,19,-3,-97
11006,1408,18,-4,-97
11007,1414,17,-5,-98
11008,1413,15,-7,-99
11009,1404,13,-7,-98
11010,1400,9,-6,-99
11011,1410,7,-4,-100
11012,1425,6,-1,-103
11013,1424,5,0,-106
11014,1416,4,1,-107
11015,1408,5,1,-109
11016,1415,10,0,-111
11017,1425,20,-3,-115
11018,1413,33,-7,-119
11019,1411,35,-8,-120
11020,1415,37,-9,-122
11021,1427,37,-10,-124
11022,1425,30,-7,-130
11023,1423,27,-3,-131
11024,1424,23,6,-134
11025,1444,14,36,-146
11026,1449,12,44,-149
11027,1437,11,57,-154
11028,1408,15,59,-160
11029,1400,29,56,-159
11030,1392,36,59,-151
11031,1346,29,56,-135
11032,1308,23,48,-118
11033,1324,8,38,-104
11034,1354,0,36,-99
11035,1406,-14,35,-92
11036,1413,-26,41,-90
11037,1399,-37,45,-94
11038,1434,-41,48,-103
11039,1476,-36,44,-112
11040,1448,-25,36,-120
11041,1394,-1,31,-126
11042,1399,8,30,-125
11043,1407,18,31,-125
11044,1393,30,32,-120
11045,1373,38,34,-114
11046,1386,38,33,-113
11047,1411,37,33,-111
11048,1400,31,30,-109
11049,1387,28,28,-108
11050,1376,21,25,-104
11051,1385,15,21,-98
11052,1374,7,18,-89
11053,1358,3,16,-82
11054,1370,1,16,-77
11055,1384,0,15,-71
11056,1387,-1,15,-68
11057,1385,-3,15,-67
11058,1389,-4,15,-65
11059,1399,-3,17,-64
11060,1403,-2,17,-64
11061,1408,0,16,-67
11062,1422,0,14,-71
11063,1436,2,13,-76
11064,1416,3,12,-81
11065,1411,3,12,-81
11066,1410,3,12,-83
11067,1419,3,12,-84
11068,1410,1,12,-85
11069,1408,1,12,-86
11070,1411,0,12,-87
11071,1424,0,9,-90
11072,1421,-1,8,-92
11073,1415,-2,7,-94
11074,1415,-2,6,-96
11075,1411,-3,5,-97
11076,1401,-3,4,-96
11077,1404,-3,4,-97
11078,1413,-2,4,-98
11079,1417,-2,4,-98
11080,1411,0,3,-100
11081,1403,0,2,-100
11082,1410,1,1,-101
11083,1423,2,1,-103
11084,1426,2,1,-106
11085,1424,2,1,-110
11086,1423,0,2,-113
11087,1422,-2,1,-115
11088,1428,-10,0,-119
11089,1434,-18,0,-123
11090,1437,-26,-3,-129
11091,1440,-30,-8,-138
11092,1439,-30,-9,-141
11093,1433,-29,-10,-143
11094,1413,-23,-10,-144
11095,1378,-12,-7,-141
11096,1376,-9,-4,-138
11097,1383,-2,4,-135
11098,1394,11,32,-133
11099,1394,15,42,-133
11100,1403,11,62,-128
11101,1405,13,54,-127
11102,1403,15,51,-125
11103,1397,19,51,-123
11104,1388,20,51,-120
11105,1379,22,51,-117
11106,1375,23,52,-116
11107,1389,26,54,-115
11108,1408,27,54,-117
11109,1426,27,53,-118
11110,1437,26,52,-119
11111,1435,24,51,-120
11112,1424,21,50,-121
11113,1394,12,43,-125
11114,1429,1,32,-125
11115,1431,-2,30,-126
11116,1419,-6,26,-125
11117,1386,-10,23,-122
11118,1394,-11,23,-116
11119,1396,-10,23,-114
11120,1384,-8,24,-111
11121,1358,-3,24,-100
11122,1364,0,23,-97
11123,1382,2,22,-90
11124,1387,5,19,-85
11125,1367,11,16,-78
11126,1376,12,14,-73
11127,1387,14,13,-68
11128,1381,15,13,-62
11129,1371,15,13,-60
11130,1375,15,13,-57
11131,1400,16,13,-54
11132,1414,15,14,-56
11133,1416,16,13,-59
11134,1429,17,13,-64
11135,1445,17,12,-70
11136,1439,16,11,-77
11137,1429,15,10,-80
11138,1424,13,9,-86
11139,1434,13,8,-90
11140,1432,13,6,-95
11141,1415,13,5,-100
11142,1412,13,4,-101
11143,1413,13,4,-101
11144,1411,14,3,-101
11145,1394,17,0,-98
11146,1393,17,0,-97
11147,1396,18,0,-96
11148,1409,19,-2,-97
11149,1413,20,-4,-96
11150,1417,20,-6,-97
11151,1413,20,-9,-100
11152,1412,18,-10,-101
11153,1413,15,-8,-101
11154,1409,15,-5,-102
11155,1406,14,-2,-104
11156,1414,14,0,-106
11157,1415,13,0,-106
11158,1417,13,0,-107
11159,1409,15,-3,-107
11160,1408,19,-5,-108
11161,1413,24,-9,-110
11162,1419,29,-12,-112
11163,1421,33,-13,-116
11164,1431,33,-14,-122
11165,1432,31,-14,-124
11166,1431,29,-13,-128
11167,1426,23,-6,-131
11168,1425,16,17,-139
11169,1430,15,30,-142
11170,1438,13,51,-146
11171,1412,19,75,-154
11172,1405,22,76,-157
11173,1414,30,73,-158
11174,1417,34,72,-154
11175,1351,22,61,-141
11176,1321,9,51,-128
11177,1351,-2,39,-115
11178,1382,-13,35,-105
11179,1397,-20,35,-103
11180,1393,-28,40,-100
11181,1399,-33,42,-102
11182,1440,-34,38,-112
11183,1458,-25,35,-116
11184,1422,-13,30,-122
11185,1391,0,28,-125
11186,1403,15,31,-124
11187,1377,32,35,-116
11188,1367,34,36,-114
11189,1369,36,36,-113
11190,1411,37,35,-112
11191,1414,32,32,-111
11192,1394,31,29,-110
11193,1374,28,25,-108
11194,1397,17,20,-101
11195,1400,14,18,-98
11196,1380,9,17,-93
11197,1350,5,16,-88
11198,1372,2,16,-77
11199,1388,0,17,-72
11200,1378,-1,17,-67
11201,1373,-2,18,-64
11202,1383,-2,17,-62
11203,1406,-2,17,-60
11204,1409,0,15,-59
11205,1403,0,14,-63
11206,1422,2,13,-66
11207,1435,3,12,-69
11208,1448,4,11,-75
11209,1424,4,9,-80
11210,1412,3,8,-83
11211,1414,1,8,-85
11212,1425,0,8,-85
11213,1413,-1,8,-87
11214,1411,-2,7,-90
11215,1420,-2,7,-90
11216,1429,-4,6,-92
11217,1424,-5,4,-95
11218,1411,-6,1,-100
11219,1421,-6,0,-101
11220,1437,-7,-1,-104
11221,1411,-5,-1,-105
11222,1399,-5,-1,-106
11223,1396,-5,0,-106
11224,1413,-4,0,-106
11225,1414,-4,1,-106
11226,1404,-2,2,-107
11227,1412,0,3,-109
11228,1423,0,3,-111
11229,1422,1,0,-115
11230,1417,0,0,-117
11231,1417,-1,-2,-120
11232,1428,-8,-1,-121
11233,1425,-18,-1,-123
11234,1419,-27,0,-125
11235,1429,-32,0,-130
11236,1438,-34,-1,-136
11237,1412,-32,3,-140
11238,1406,-30,5,-141
11239,1404,-28,10,-141
11240,1404,-18,23,-141
11241,1412,1,40,-147
11242,1416,4,41,-147
11243,1413,5,39,-148
11244,1373,-1,38,-140
11245,1363,-3,40,-136
11246,1366,-5,45,-130
11247,1376,1,53,-122
11248,1350,12,53,-113
11249,1342,19,49,-105
11250,1369,26,44,-97
11251,1388,31,42,-91
11252,1396,34,42,-88
11253,1400,36,43,-91
11254,1430,37,43,-95
11255,1460,34,40,-106
11256,1444,26,39,-110
11257,1420,17,36,-116
11258,1422,6,33,-119
11259,1434,-3,28,-122
11260,1429,-7,26,-124
11261,1410,-13,23,-126
11262,1402,-16,22,-127
11263,1403,-15,23,-123
11264,1362,-8,25,-115
11265,1358,-5,24,-112
11266,1365,-2,23,-107
11267,1381,2,21,-100
11268,1372,8,19,-90
11269,1368,10,17,-87
11270,1370,13,15,-82
11271,1380,16,15,-73
11272,1379,16,14,-70
11273,1376,18,13,-64
11274,1379,18,13,-60
11275,1405,17,13,-59
11276,1412,17,12,-60
11277,1416,17,10,-64
11278,1427,17,9,-68
11279,1441,16,8,-74
11280,1437,16,8,-76
11281,1420,16,8,-80
11282,1411,15,7,-84
11283,1424,14,5,-86
11284,1433,13,4,-89
11285,1425,12,2,-93
11286,1417,13,1,-97
11287,1421,14,-1,-100
11288,1417,15,-1,-101
11289,1412,16,-2,-102
11290,1409,17,-2,-104
11291,1419,18,-5,-107
11292,1419,18,-6,-107
11293,1411,16,-6,-106
11294,1381,14,-6,-101
11295,1379,13,-6,-99
11296,1390,10,-4,-97
11297,1412,8,-3,-98
11298,1419,5,0,-98
11299,1405,3,1,-100
11300,1415,39,-9,-126
11301,1418,40,-7,-126
11302,1419,40,-2,-127
11303,1416,39,2,-127
11304,1411,38,9,-128
11305,1405,37,17,-130
11306,1411,34,34,-132
11307,1423,32,44,-136
11308,1440,28,52,-139
11309,1454,25,57,-145
11310,1464,21,60,-149
11311,1466,19,60,-155
11312,1461,19,53,-162
11313,1440,21,48,-165
11314,1418,22,42,-163
11315,1382,22,42,-154
11316,1317,14,46,-138
11317,1275,4,47,-119
11318,1308,-5,46,-104
11319,1390,-17,45,-94
11320,1416,-30,45,-91
11321,1390,-43,46,-94
11322,1405,-45,45,-99
11323,1468,-45,40,-109
11324,1493,-36,34,-122
11325,1411,-15,30,-128
11326,1378,0,30,-129
11327,1398,15,31,-126
11328,1402,23,31,-121
11329,1372,27,32,-116
11330,1371,27,32,-115
11331,1396,26,30,-113
11332,1420,23,27,-112
11333,1406,20,25,-111
11334,1384,16,22,-110
11335,1387,11,20,-106
11336,1392,5,18,-100
11337,1360,0,16,-90
11338,1356,-2,16,-87
11339,1362,-4,16,-82
11340,1378,-6,16,-76
11341,1375,-9,15,-68
11342,1379,-9,15,-67
11343,1395,-9,15,-65
11344,1404,-8,14,-65
11345,1401,-7,14,-65
11346,1407,-5,14,-67
11347,1423,-2,13,-72
11348,1431,0,11,-76
11349,1427,1,11,-79
11350,1415,2,11,-82
11351,1415,3,11,-85
11352,1422,2,12,-87
11353,1419,2,12,-86
11354,1410,0,11,-88
11355,1411,0,11,-90
11356,1419,-2,9,-92
11357,1417,-4,9,-92
11358,1410,-5,7,-94
11359,1412,-7,5,-96
11360,1419,-9,2,-99
11361,1419,-10,1,-100
11362,1416,-11,0,-100
11363,1413,-12,0,-102
11364,1408,-13,1,-102
11365,1403,-11,1,-101
11366,1398,-12,2,-102
11367,1415,-9,4,-102
11368,1418,-9,4,-102
11369,1416,-9,5,-103
11370,1413,-7,5,-107
11371,1425,-4,4,-113
11372,1436,-3,2,-116
11373,1438,-4,1,-121
11374,1434,-4,0,-126
11375,1430,-5,-1,-128
11376,1431,-7,-2,-131
11377,1425,-9,-3,-133
11378,1404,-12,-5,-133
11379,1392,-13,-5,-131
11380,1395,-13,-4,-130
11381,1396,-14,-2,-127
11382,1399,-20,7,-126
11383,1403,-24,20,-124
11384,1396,-28,45,-123
11385,1396,-30,65,-129
11386,1454,-28,72,-144
11387,1481,-29,67,-157
11388,1434,-25,68,-158
11389,1380,-16,71,-156
11390,1320,4,69,-148
11391,1358,29,49,-129
11392,1386,34,44,-125
11393,1406,36,37,-120
11394,1375,28,35,-110
11395,1370,25,38,-108
11396,1375,21,42,-102
11397,1364,19,46,-89
11398,1334,6,45,-81
11399,1387,-3,40,-81
11400,1459,-14,33,-86
11401,1469,-21,27,-95
11402,1434,-30,23,-107
11403,1435,-31,22,-111
11404,1456,-32,23,-115
11405,1447,-29,25,-119
11406,1398,-22,26,-121
11407,1387,-15,29,-121
11408,1402,-9,29,-119
11409,1383,0,21,-112
11410,1376,3,20,-110
11411,1372,6,18,-106
11412,1365,11,16,-97
11413,1353,15,16,-87
11414,1358,17,20,-71
11415,1363,17,21,-68
11416,1367,18,23,-62
11417,1383,19,23,-56
11418,1395,18,23,-56
11419,1424,18,22,-57
11420,1441,18,20,-63
11421,1441,14,15,-73
11422,1443,11,11,-81
11423,1451,9,11,-89
11424,1450,7,10,-94
11425,1420,5,9,-102
11426,1413,4,9,-103
11427,1409,4,9,-103
11428,1401,4,9,-100
11429,1387,5,11,-98
11430,1380,4,11,-93
11431,1388,3,10,-90
11432,1407,2,9,-88
11433,1412,1,4,-89
11434,1412,1,3,-91
11435,1412,1,2,-92
11436,1416,0,2,-93
11437,1418,2,3,-96
11438,1415,3,3,-99
11439,1410,6,4,-100
11440,1421,12,5,-104
11441,1420,14,5,-105
11442,1410,18,5,-105
11443,1398,21,4,-106
11444,1410,26,2,-106
11445,1414,30,0,-105
11446,1408,33,-3,-106
11447,1407,34,-4,-108
11448,1423,33,-7,-111
11449,1434,33,-8,-114
11450,1429,32,-8,-117
11451,1417,30,-6,-119
11452,1405,25,-4,-119
11453,1406,23,-4,-119
11454,1409,17,0,-120
11455,1409,11,11,-120
11456,1411,8,22,-124
11457,1428,3,40,-131
11458,1445,2,59,-138
11459,1440,6,66,-147
11460,1425,22,65,-153
11461,1415,26,64,-153
11462,1399,26,64,-151
11463,1368,17,59,-141
11464,1350,-9,49,-121
11465,1355,-19,48,-114
11466,1363,-33,47,-106
11467,1375,-53,47,-97
11468,1386,-55,47,-97
11469,1424,-55,43,-101
11470,1454,-46,38,0
11471,1431,-26,33,-120
11472,1413,-9,33,-126
11473,1417,8,34,-128
11474,1415,18,36,-128
11475,1384,28,37,-123
11476,1377,30,38,-121
11477,1384,33,37,-118
11478,1402,36,34,-114
11479,1404,34,31,-113
11480,1386,31,27,-110
11481,1376,28,23,-106
11482,1382,23,20,-100
11483,1369,16,16,-90
11484,1362,15,16,-86
11485,1360,11,16,-83
11486,1376,6,15,-76
11487,1379,0,15,-68
11488,1373,0,16,-65
11489,1374,-2,16,-64
11490,1414,-6,16,-62
11491,1415,-6,15,-62
11492,1409,-7,13,-65
11493,1420,-8,12,-69
11494,1437,-6,12,-74
11495,1419,-5,12,-77
11496,1405,-4,12,-80
11497,1413,-3,12,-82
11498,1426,-3,11,-83
11499,1429,-3,10,-86
11500,1406,-3,7,-95
11501,1409,-3,7,-95
11502,1411,-4,7,-95
11503,1413,-4,7,-96
11504,1414,-4,7,-96
11505,1414,-5,6,-97
11506,1415,-5,6,-99
11507,1419,-6,5,-100
11508,1422,-7,4,-102
11509,1424,-7,4,-103
11510,1424,-7,3,-105
11511,1423,-7,2,-106
11512,1419,-6,0,-108
11513,1415,-6,0,-109
11514,1419,-5,0,-113
11515,1419,-5,0,-114
11516,1416,-6,1,-115
11517,1417,-7,3,-118
11518,1420,-7,4,-119
11519,1425,-8,4,-123
11520,1425,-10,4,-127
11521,1419,-9,0,-130
11522,1417,-8,-4,-133
11523,1427,-10,-9,-136
11524,1433,-13,-11,-137
11525,1402,-17,-10,-135
11526,1385,-19,-8,-133
11527,1373,-22,-4,-129
11528,1392,-28,6,-125
11529,1406,-32,22,-123
11530,1389,-28,42,-125
11531,1388,-20,57,-128
11532,1420,-18,57,-131
11533,1416,-23,63,-129
11534,1390,-24,70,-127
11535,1352,-20,80,-121
11536,1335,-5,85,-115
11537,1421,19,60,-116
11538,1450,22,52,-118
11539,1476,21,40,-123
11540,1424,20,38,-124
11541,1392,22,40,-123
11542,1355,24,45,-120
11543,1376,26,47,-118
11544,1431,19,45,-117
11545,1400,13,42,-118
11546,1379,4,38,-119
11547,1399,-1,33,-119
11548,1428,-7,31,-119
11549,1427,-13,27,-118
11550,1387,-16,26,-115
11551,1368,-16,24,-109
11552,1392,-11,24,-107
11553,1405,-6,25,-102
11554,1382,-1,23,-99
11555,1370,3,21,-96
11556,1401,8,17,-89
11557,1397,9,16,-86
11558,1380,10,16,-82
11559,1350,11,16,-75
11560,1390,10,16,-66
11561,1397,9,16,-63
11562,1397,8,17,-62
11563,1383,10,18,-60
11564,1388,9,17,-58
11565,1411,10,17,-59
11566,1429,10,16,-61
11567,1424,12,11,-69
11568,1431,13,9,-77
11569,1448,14,8,-82
11570,1448,15,6,-89
11571,1438,15,5,-92
11572,1426,15,2,-96
11573,1426,15,2,-100
11574,1422,15,2,-101
11575,1401,15,2,-101
11576,1389,15,2,-98
11577,1393,14,2,-96
11578,1398,15,2,-93
11579,1398,16,1,-92
11580,1407,16,0,-95
11581,1421,15,-2,-95
11582,1421,13,-4,-98
11583,1406,12,-3,-100
11584,1409,12,-3,-101
11585,1413,11,-2,-102
11586,1416,12,0,-104
11587,1409,14,1,-107
11588,1411,14,1,-107
11589,1416,14,1,-108
11590,1410,19,-2,-109
11591,1408,22,-4,-111
11592,1415,28,-6,-114
11593,1427,33,-9,-118
11594,1426,38,-12,-121
11595,1423,38,-13,-124
11596,1423,35,-14,-126
11597,1419,31,-14,-126
11598,1406,21,-11,-127
11599,1405,17,-7,-127
11600,1411,12,1,-129
11601,1424,6,25,-134
11602,1428,4,40,-137
11603,1418,7,52,-144
11604,1424,17,54,-151
11605,1436,31,57,-154
11606,1381,37,58,-148
11607,1364,31,55,-145
11608,1352,25,52,-139
11609,1352,8,44,-126
11610,1354,-17,34,-105
11611,1365,-25,34,-103
11612,1389,-34,36,-99
11613,1406,-44,43,-96
11614,1402,-44,44,-97
11615,1409,-39,41,-101
11616,1436,-25,35,-108
11617,1432,-3,28,-115
11618,1401,14,27,-116
11619,1384,31,27,-115
11620,1385,40,28,-111
11621,1393,44,29,-110
11622,1402,46,30,-108
11623,1405,45,31,-108
11624,1413,41,30,-110
11625,1415,35,27,-110
11626,1397,28,24,-107
11627,1378,18,19,-104
11628,1371,11,16,-94
11629,1367,7,15,-89
11630,1356,3,14,-80
11631,1359,0,13,-74
11632,1381,-4,12,-67
11633,1391,-7,12,-63
11634,1392,-9,12,-64
11635,1400,-10,12,-64
11636,1413,-9,12,-64
11637,1408,-7,11,-68
11638,1415,-6,12,-70
11639,1434,-4,12,-74
11640,1435,-2,12,-82
11641,1428,-1,11,-84
11642,1420,0,11,-88
11643,1426,1,10,-92
11644,1421,2,10,-93
11645,1410,2,10,-94
11646,1408,2,9,-95
11647,1410,1,7,-95
11648,1404,0,6,-94
11649,1402,-1,6,-94
11650,1404,-3,5,-94
11651,1413,-4,5,-95
11652,1414,-4,5,-97
11653,1412,-2,4,-99
11654,1417,-1,2,-101
11655,1423,0,1,-104
11656,1415,0,0,-107
11657,1415,1,0,-108
11658,1416,1,0,-109
11659,1416,2,0,-111
11660,1420,3,0,-114
11661,1419,3,0,-115
11662,1414,2,0,-117
11663,1420,-4,-3,-119
11664,1426,-8,-3,-121
11665,1427,-15,-4,-122
11666,1417,-24,-4,-124
11667,1419,-32,-7,-127
11668,1435,-33,-10,-132
11669,1431,-32,-13,-135
11670,1412,-29,-14,-136
11671,1392,-23,-12,-135
11672,1390,-16,-9,-133
11673,1399,-10,0,-131
11674,1393,0,19,-127
11675,1375,8,34,-127
11676,1391,12,46,-129
11677,1429,4,51,-128
11678,1416,-9,62,-125
11679,1359,-13,82,-122
11680,1370,-10,82,-121
11681,1391,-4,80,-121
11682,1410,7,60,-119
11683,1399,16,39,-120
11684,1414,18,36,-119
11685,1432,20,36,-117
11686,1381,32,40,-115
11687,1366,34,42,-115
11688,1381,36,44,-116
11689,1426,32,43,-116
11690,1416,21,37,-120
11691,1406,17,34,-122
11692,1414,9,26,-124
11693,1430,2,21,-124
11694,1410,-5,17,-124
11695,1388,-8,17,-121
11696,1382,-8,20,-117
11697,1381,-7,22,-110
11698,1362,-2,23,-102
11699,1361,-1,21,-98
11700,1390,11,11,-61
11701,1383,11,12,-60
11702,1378,11,12,-59
11703,1378,11,12,-58
11704,1385,12,12,-58
11705,1399,12,12,-58
11706,1423,12,12,-58
11707,1429,13,12,-60
11708,1430,13,12,-61
11709,1426,14,11,-64
11710,1423,15,11,-68
11711,1425,15,10,-71
11712,1432,15,9,-73
11713,1450,14,6,-83
11714,1443,13,5,-85
11715,1424,13,4,-91
11716,1421,14,4,-94
11717,1425,15,3,-98
11718,1410,16,2,-100
11719,1399,17,1,-100
11720,1401,19,0,-99
11721,1409,20,-1,-99
11722,1409,21,-2,-99
11723,1405,21,-4,-100
11724,1410,20,-6,-101
11725,1418,18,-8,-102
11726,1414,17,-9,-102
11727,1399,15,-10,-101
11728,1400,12,-9,-101
11729,1412,11,-5,-101
11730,1409,11,-4,-101
11731,1406,11,-3,-102
11732,1409,10,0,-103
11733,1415,12,-3,-105
11734,1418,14,-4,-107
11735,1423,18,-6,-109
11736,1422,31,-12,-115
11737,1419,35,-14,-117
11738,1417,40,-15,-120
11739,1416,48,-15,-121
11740,1411,49,-16,-123
11741,1414,46,-16,-124
11742,1424,40,-16,-127
11743,1428,34,-12,-128
11744,1425,28,-8,-130
11745,1417,21,3,-132
11746,1411,16,25,-131
11747,1394,13,50,-132
11748,1387,17,57,-134
11749,1401,23,65,-133
11750,1401,29,73,-130
11751,1382,29,79,-127
11752,1380,24,77,-125
11753,1397,11,66,-122
11754,1419,-1,52,-122
11755,1432,-18,41,-124
11756,1416,-35,40,-126
11757,1409,-40,40,-127
11758,1408,-43,40,-127
11759,1419,-44,37,-129
11760,1395,-24,29,-129
11761,1382,-17,27,-127
11762,1375,-7,25,-125
11763,1387,17,25,-117
11764,1385,22,25,-115
11765,1378,27,26,-111
11766,1384,31,27,0
11767,1398,32,27,-104
11768,1402,31,26,-103
11769,1398,29,23,-102
11770,1393,26,20,-99
11771,1384,21,16,-95
11772,1379,19,15,-92
11773,1374,15,13,-88
11774,1372,12,13,-80
11775,1371,10,12,-76
11776,1376,7,12,-70
11777,1379,4,14,-64
11778,1381,2,14,-59
11779,1401,-2,14,-57
11780,1415,-3,13,-59
11781,1429,-3,12,-61
11782,1435,-4,11,-66
11783,1428,-2,10,-76
11784,1430,-2,10,-79
11785,1434,-1,10,-83
11786,1429,-2,8,-89
11787,1425,-3,7,-91
11788,1421,-4,7,-93
11789,1421,-5,6,-96
11790,1409,-6,6,-97
11791,1401,-5,5,-96
11792,1403,-5,5,-95
11793,1404,-6,4,-95
11794,1409,-4,4,-96
11795,1410,-4,3,-96
11796,1413,-2,2,-98
11797,1421,0,1,-102
11798,1421,2,1,-103
11799,1410,4,1,-105
11800,1404,4,1,-104
11801,1409,4,3,-104
11802,1408,6,6,-105
11803,1410,7,7,-106
11804,1415,8,7,-108
11805,1426,9,7,-112
11806,1427,7,2,-118
11807,1428,5,0,-119
11808,1433,1,-2,-123
11809,1443,-10,-4,-131
11810,1441,-14,-5,-133
11811,1433,-21,-4,-136
11812,1421,-27,-2,-139
11813,1410,-31,0,-141
11814,1408,-31,1,-141
11815,1400,-30,6,-139
11816,1391,-21,17,-141
11817,1402,-3,34,-143
11818,1422,0,40,-144
11819,1417,-1,43,-143
11820,1395,-5,47,-142
11821,1377,-8,54,-140
11822,1385,-6,58,-139
11823,1394,0,63,-133
11824,1358,7,63,-123
11825,1339,12,58,-120
11826,1357,19,49,-115
11827,1402,26,42,-107
11828,1358,38,36,-96
11829,1356,39,36,-96
11830,1378,41,35,-95
11831,1440,43,36,-96
11832,1442,39,38,-98
11833,1384,21,34,-103
11834,1400,15,33,-104
11835,1441,4,29,-107
11836,1438,-9,23,-113
11837,1418,-13,21,-115
11838,1401,-18,20,-118
11839,1417,-19,21,-116
11840,1395,-16,24,-113
11841,1363,-11,24,-109
11842,1366,-6,22,-103
11843,1385,-1,19,-98
11844,1385,6,17,-90
11845,1375,10,16,-88
11846,1362,13,15,-83
11847,1370,16,13,-75
11848,1384,19,13,-71
11849,1383,22,13,-65
11850,1379,24,14,-62
11851,1393,24,14,-61
11852,1428,23,13,-64
11853,1432,23,11,-66
11854,1433,22,11,-69
11855,1431,21,9,-75
11856,1430,20,7,-83
11857,1427,19,6,-84
11858,1427,18,6,-88
11859,1428,15,5,-95
11860,1428,15,4,-97
11861,1429,14,4,-100
11862,1428,13,3,-105
11863,1416,14,1,-108
11864,1405,15,1,-108
11865,1398,16,0,-106
11866,1393,18,0,-103
11867,1390,18,-1,-102
11868,1390,20,-2,-100
11869,1397,20,-5,-98
11870,1404,18,-7,-94
11871,1398,17,-8,-94
11872,1394,15,-9,-93
11873,1408,12,-9,-93
11874,1420,9,-8,-95
11875,1417,8,-7,-96
11876,1407,7,-4,-97
11877,1406,7,-1,-99
11878,1418,10,1,-101
11879,1426,17,0,-108
11880,1423,20,-1,-110
11881,1420,24,-3,-113
11882,1421,31,-7,-115
11883,1418,39,-10,-120
11884,1418,41,-10,-121
11885,1418,43,-9,-124
11886,1417,42,-5,-125
11887,1414,41,-3,-126
11888,1413,40,0,-129
11889,1427,38,9,-132
11890,1437,33,33,-136
11891,1420,31,47,-145
11892,1424,34,52,-153
11893,1438,37,48,-155
11894,1417,35,48,-153
11895,1390,32,48,-150
11896,1345,25,49,-139
11897,1333,10,48,-124
11898,1361,-3,45,-117
11899,1398,-16,41,-113
11900,1381,-14,30,-131
11901,1371,-6,28,-131
11902,1378,1,27,-129
11903,1389,10,26,-126
11904,1398,18,26,-123
11905,1395,24,26,-120
11906,1381,31,27,-115
11907,1357,36,27,-112
11908,1359,37,28,-111
11909,1373,38,28,-109
11910,1396,38,28,-107
11911,1415,38,28,-106
11912,1421,38,27,-105
11913,1382,33,23,-104
11914,1380,30,20,-100
11915,1395,24,18,-95
11916,1389,20,16,-89
11917,1365,13,15,-85
11918,1353,8,14,-79
11919,1373,2,13,-73
11920,1389,-2,12,-66
11921,1378,-5,11,-63
11922,1371,-8,11,-60
11923,1391,-9,11,-58
11924,1410,-9,11,-56
11925,1400,-6,10,-59
11926,1409,-6,9,-61
11927,1428,-5,9,-64
11928,1455,-5,8,-71
11929,1425,-3,7,-80
11930,1419,-3,6,-84
11931,1425,-3,7,-87
11932,1437,-3,7,-93
11933,1429,-3,8,-94
11934,1412,-3,7,-96
11935,1409,-5,7,-98
11936,1421,-7,4,-99
11937,1411,-8,2,-99
11938,1401,-10,1,-99
11939,1400,-10,0,-100
11940,1410,-12,0,-99
11941,1413,-12,0,-101
11942,1416,-11,0,-103
11943,1421,-10,-1,-107
11944,1421,-6,-2,-109
11945,1415,-4,-1,-110
11946,1402,-1,-1,-110
11947,1403,1,0,-109
11948,1411,2,0,-108
11949,1417,3,1,-109
11950,1415,6,2,-112
11951,1405,8,4,-112
11952,1413,6,2,-114
11953,1420,2,1,-115
11954,1428,-2,0,-116
11955,1430,-8,-2,-119
11956,1433,-15,-6,-128
11957,1439,-16,-6,-131
11958,1441,-19,-6,-134
11959,1405,-19,0,-136
11960,1393,-17,4,-136
11961,1393,-13,12,-136
11962,1418,-4,23,-143
11963,1441,5,38,-150
11964,1438,3,42,-155
11965,1409,-10,46,-152
11966,1377,-22,55,-144
11967,1353,-27,68,-137
11968,1360,-23,71,-134
11969,1374,-11,67,-129
11970,1370,0,50,-124
11971,1366,10,40,-117
11972,1366,16,37,-107
11973,1355,21,35,-97
11974,1365,25,33,-89
11975,1421,33,35,-88
11976,1422,33,35,-89
11977,1420,31,35,-93
11978,1416,22,35,-97
11979,1433,5,29,-104
11980,1439,2,26,-106
11981,1446,-3,22,-112
11982,1438,-11,16,-121
11983,1431,-13,16,-122
11984,1414,-13,15,-123
11985,1395,-11,17,-122
11986,1382,-6,17,-115
11987,1374,-2,16,-109
11988,1374,0,14,-104
11989,1377,1,11,-96
11990,1377,3,11,-94
11991,1368,5,10,-86
11992,1361,7,10,-80
11993,1368,9,9,-69
11994,1376,10,8,-65
11995,1378,11,8,-59
11996,1385,11,8,-58
11997,1412,13,6,-59
11998,1429,16,5,-61
11999,1437,17,5,-66
12000,1429,20,5,-72
12001,1431,21,4,-79
12002,1437,19,2,-87
12003,1432,19,2,-88
12004,1421,19,1,-90
12005,1415,18,0,-94
12006,1424,18,0,-99
12007,1424,18,0,-99
12008,1410,19,0,-100
12009,1398,20,-1,-101
12010,1405,21,-2,-101
12011,1415,23,-2,-101
12012,1410,23,-4,-102
12013,1402,22,-7,-101
12014,1407,20,-9,-100
12015,1404,18,-9,-98
12016,1395,16,-8,-97
12017,1394,12,-5,-95
12018,1403,11,-4,-96
12019,1422,8,-1,-97
12020,1431,6,0,-101
12021,1426,3,0,-105
12022,1428,3,-2,-110
12023,1434,9,-5,-116
12024,1428,19,-9,-120
12025,1396,38,-14,-121
12026,1390,42,-14,-120
12027,1392,46,-13,-120
12028,1403,50,-11,-117
12029,1419,43,-2,-121
12030,1427,40,1,-125
12031,1448,36,9,-131
12032,1487,23,38,-151
12033,1485,20,46,-159
12034,1456,18,56,-170
12035,1439,22,61,-174
12036,1371,30,62,-168
12037,1346,32,61,-158
12038,1340,20,58,-141
12039,1345,7,51,-128
12040,1352,-10,40,-117
12041,1361,-14,38,-113
12042,1379,-26,39,-105
12043,1380,-38,42,-97
12044,1382,-45,42,-96
12045,1409,-43,39,-97
12046,1432,-33,32,-102
12047,1431,-18,26,-108
12048,1414,9,22,-114
12049,1406,16,22,-115
12050,1399,22,22,-114
12051,1396,30,23,-114
12052,1404,37,26,-111
12053,1400,37,27,-110
12054,1393,37,26,-109
12055,1400,33,22,-106
12056,1402,30,20,-105
12057,1389,25,18,-100
12058,1362,19,15,-94
12059,1371,10,13,-83
12060,1379,6,12,-77
12061,1365,3,12,-71
12062,1362,0,11,-67
12063,1373,-2,11,-64
12064,1397,-3,12,-60
12065,1395,-4,12,-58
12066,1381,-6,11,-57
12067,1401,-5,10,-58
12068,1437,-4,9,-62
12069,1449,-4,8,-68
12070,1438,-3,8,-76
12071,1430,-3,7,-81
12072,1430,-3,7,-85
12073,1432,-3,6,-89
12074,1423,-6,5,-93
12075,1423,-8,5,-97
12076,1422,-8,6,-97
12077,1417,-9,6,-98
12078,1406,-9,5,-98
12079,1411,-10,3,-100
12080,1414,-10,2,-101
12081,1419,-11,1,-102
12082,1418,-10,-1,-105
12083,1416,-10,-1,-106
12084,1409,-9,-2,-106
12085,1400,-7,-2,-105
12086,1396,-5,-1,-103
12087,1400,-4,0,-102
12088,1406,-2,2,-101
12089,1408,0,6,-102
12090,1408,6,8,-103
12091,1411,8,7,-106
12092,1424,9,5,-109
12093,1441,9,1,-116
12094,1440,5,-1,-119
12095,1432,0,-4,-124
12096,1434,-8,-5,-129
12097,1437,-15,-6,-132
12098,1406,-21,1,-135
12099,1398,-22,5,-135
12100,1356,-7,46,-148
12101,1346,-12,51,-144
12102,1352,-15,58,-142
12103,1368,-16,62,-138
12104,1385,-14,65,-135
12105,1387,-4,61,-132
12106,1372,-1,57,-130
12107,1355,2,53,-127
12108,1346,5,48,-124
12109,1348,8,42,-119
12110,1356,12,40,-114
12111,1366,15,40,-106
12112,1366,20,39,-98
12113,1359,21,39,-93
12114,1357,24,40,-89
12115,1391,28,42,-88
12116,1440,29,41,-94
12117,1444,23,38,-100
12118,1431,15,35,-107
12119,1437,4,31,-114
12120,1450,-4,27,-121
12121,1446,-8,24,-123
12122,1423,-12,21,-126
12123,1405,-15,20,-128
12124,1406,-14,21,-128
12125,1383,-9,22,-122
12126,1373,-7,22,-119
12127,1367,-5,21,-115
12128,1375,0,19,-109
12129,1368,5,15,-96
12130,1360,6,14,-91
12131,1349,8,14,-84
12132,1361,9,12,-70
12133,1366,10,12,-66
12134,1371,12,12,-58
12135,1374,14,12,0
12136,1397,17,11,-53
12137,1421,19,11,-55
12138,1432,20,11,-59
12139,1431,21,10,-64
12140,1434,20,9,-71
12141,1434,20,8,-74
12142,1433,19,6,-78
12143,1425,18,4,-82
12144,1418,16,4,-85
12145,1420,14,3,-88
12146,1419,14,3,-90
12147,1413,15,3,-92
12148,1412,18,2,-95
12149,1412,19,1,-95
12150,1411,20,1,-96
12151,1412,22,1,-97
12152,1409,22,-1,-98
12153,1409,21,-3,-97
12154,1408,20,-4,-96
12155,1395,16,-5,-93
12156,1392,14,-4,-93
12157,1401,11,-2,-93
12158,1423,8,-2,-96
12159,1432,6,-2,-101
12160,1422,5,-1,-105
12161,1421,6,-1,-109
12162,1428,10,-2,-114
12163,1432,14,-2,-116
12164,1425,23,-5,-119
12165,1410,33,-8,-121
12166,1404,40,-10,-122
12167,1411,45,-11,-122
12168,1415,46,-10,-123
12169,1416,42,-9,-125
12170,1425,36,-6,-129
12171,1433,22,4,-137
12172,1433,18,11,-139
12173,1435,14,23,-143
12174,1438,6,46,-150
12175,1422,10,67,-162
12176,1420,16,69,-164
12177,1415,26,70,-164
12178,1379,34,64,-153
12179,1363,30,58,-148
12180,1338,16,49,-137
12181,1331,3,40,-123
12182,1365,-17,35,-104
12183,1372,-25,37,-98
12184,1372,-38,43,-90
12185,1387,-49,45,-92
12186,1445,-47,41,-99
12187,1461,-40,33,-108
12188,1436,-26,28,-116
12189,1414,-13,26,-121
12190,1398,14,26,-119
12191,1394,20,27,-118
12192,1381,29,30,-113
12193,1376,35,32,-107
12194,1386,36,32,-105
12195,1399,36,32,-101
12196,1399,36,30,-100
12197,1398,32,26,-99
12198,1394,23,19,-94
12199,1389,21,18,-92
12200,1380,17,16,-89
12201,1373,13,14,-83
12202,1384,3,13,-75
12203,1385,2,13,-72
12204,1382,-1,13,-69
12205,1390,-7,12,-66
12206,1396,-8,12,-65
12207,1406,-9,12,-65
12208,1405,-10,12,-67
12209,1408,-8,11,-69
12210,1428,-7,11,-73
12211,1441,-5,11,-78
12212,1434,-4,12,-83
12213,1415,-2,11,-86
12214,1416,-2,11,-88
12215,1424,-2,11,-90
12216,1423,-2,10,-91
12217,1415,-3,10,-94
12218,1412,-3,10,-94
12219,1417,-4,9,-96
12220,1420,-6,7,-99
12221,1408,-8,6,-101
12222,1408,-8,5,-101
12223,1411,-8,5,-102
12224,1420,-8,4,-104
12225,1409,-8,4,-106
12226,1404,-8,4,-106
12227,1401,-6,3,-106
12228,1405,-4,2,-105
12229,1406,-3,3,-104
12230,1404,-2,4,-105
12231,1412,-1,5,-107
12232,1432,1,6,-112
12233,1423,4,5,-115
12234,1409,3,4,-118
12235,1413,0,2,-121
12236,1430,-4,1,-122
12237,1437,-11,1,-123
12238,1420,-20,3,-125
12239,1414,-28,7,-128
12240,1422,-31,12,-128
12241,1414,-32,21,-129
12242,1401,-25,32,-133
12243,1447,-9,43,-150
12244,1493,-3,44,-160
12245,1493,2,43,-166
12246,1403,-1,41,-162
12247,1314,-5,43,-154
12248,1386,2,53,-141
12249,1394,6,54,-136
12250,1373,12,54,-129
12251,1313,19,53,-121
12252,1361,28,53,-101
12253,1385,30,52,-97
12254,1394,33,49,-91
12255,1392,32,43,-91
12256,1412,32,42,-91
12257,1448,29,38,-95
12258,1437,21,36,-99
12259,1398,10,35,-103
12260,1418,2,32,-107
12261,1439,-2,27,-108
12262,1430,-6,22,-111
12263,1398,-8,19,-113
12264,1403,-8,18,-115
12265,1423,-7,18,-116
12266,1413,-3,21,-114
12267,1379,0,23,-112
12268,1374,3,25,-107
12269,1383,8,24,-102
12270,1372,12,22,-93
12271,1374,14,19,-83
12272,1380,15,19,-80
12273,1383,16,18,-77
12274,1376,18,16,-71
12275,1387,17,13,-65
12276,1396,17,13,-63
12277,1406,17,13,-62
12278,1404,16,12,-63
12279,1412,16,12,-67
12280,1432,15,11,-70
12281,1446,15,10,-76
12282,1426,14,9,-84
12283,1416,13,9,-86
12284,1419,11,10,-89
12285,1418,11,10,-90
12286,1402,13,9,-92
12287,1404,14,8,-93
12288,1418,15,7,-95
12289,1425,16,5,-97
12290,1411,16,4,-98
12291,1404,17,2,-99
12292,1411,18,0,-98
12293,1409,19,0,-97
12294,1394,23,-2,-96
12295,1399,23,-3,-96
12296,1409,22,-4,-96
12297,1414,22,-6,-96
12298,1391,19,-6,-95
12299,1391,19,-5,-94
12300,1445,10,-4,-114
12301,1445,13,-7,-118
12302,1445,15,-9,-121
12303,1440,19,-12,-124
12304,1432,24,-14,-126
12305,1414,32,-17,-128
12306,1408,36,-18,-129
12307,1405,39,-19,-129
12308,1406,41,-19,-129
12309,1410,43,-18,-129
12310,1410,43,-16,-129
12311,1405,43,-15,-127
12312,1395,41,-12,-126
12313,1394,39,-10,-126
12314,1405,36,-4,-128
12315,1434,32,3,-131
12316,1439,24,25,-138
12317,1427,22,36,-141
12318,1413,23,49,-148
12319,1419,29,57,-150
12320,1406,35,63,-148
12321,1358,31,73,-137
12322,1357,25,71,-131
12323,1365,14,66,-126
12324,1384,-2,56,-119
12325,1406,-23,42,-117
12326,1414,-28,42,-117
12327,1417,-37,43,-115
12328,1400,-45,44,-115
12329,1400,-44,43,-117
12330,1407,-39,38,-117
12331,1403,-27,32,-116
12332,1388,-9,25,-115
12333,1392,8,24,-112
12334,1395,20,23,-110
12335,1397,25,25,-109
12336,1404,32,28,-108
12337,1405,34,29,-108
12338,1400,35,29,-106
12339,1394,35,27,-105
12340,1399,32,25,-104
12341,1401,27,22,-101
12342,1382,22,20,-97
12343,1364,18,17,-92
12344,1388,11,15,-81
12345,1387,9,15,-80
12346,1380,7,15,-77
12347,1372,5,14,-73
12348,1389,0,14,-66
12349,1393,0,14,-65
12350,1394,0,14,-63
12351,1396,-2,12,-64
12352,1409,-2,12,-64
12353,1435,-3,11,-68
12354,1441,-1,12,-71
12355,1418,0,11,-79
12356,1424,0,10,-83
12357,1435,0,8,-86
12358,1432,0,7,-91
12359,1413,-3,8,-93
12360,1409,-4,8,-93
12361,1413,-6,8,-94
12362,1417,-7,6,-95
12363,1412,-8,6,-97
12364,1413,-9,3,-98
12365,1420,-10,2,-100
12366,1413,-10,1,-102
12367,1404,-9,1,-102
12368,1406,-9,1,-104
12369,1416,-7,1,-104
12370,1410,-4,0,-104
12371,1403,-1,0,-105
12372,1411,0,1,-105
12373,1418,0,2,-104
12374,1415,2,3,-105
12375,1404,7,4,-107
12376,1409,8,3,-109
12377,1421,8,1,-112
12378,1432,2,-2,-117
12379,1432,0,-4,-118
12380,1434,-8,-5,-122
12381,1439,-16,-7,-129
12382,1434,-22,-6,-132
12383,1409,-22,-3,-133
12384,1391,-20,0,-133
12385,1396,-16,5,-133
12386,1412,-3,13,-136
12387,1413,1,18,-137
12388,1414,11,33,-141
12389,1410,14,43,-138
12390,1382,7,45,-134
12391,1362,-6,52,-126
12392,1371,-15,66,-120
12393,1386,-11,73,-115
12394,1392,2,55,-118
12395,1399,5,45,-118
12396,1412,11,42,-118
12397,1420,20,36,-113
12398,1373,29,39,-108
12399,1376,32,41,-108
12400,1405,36,42,-111
12401,1454,35,44,-119
12402,1444,31,43,-122
12403,1415,22,39,-128
12404,1414,11,33,-132
12405,1438,-1,26,-134
12406,1417,-6,24,-133
12407,1385,-11,23,-131
12408,1379,-14,25,-126
12409,1379,-14,25,-122
12410,1371,-13,25,-115
12411,1358,-10,23,-107
12412,1367,-5,18,-97
12413,1380,0,17,-92
12414,1372,4,13,-85
12415,1358,7,12,-78
12416,1365,8,11,-70
12417,1381,10,10,-60
12418,1377,11,11,-58
12419,1374,12,11,-55
12420,1389,12,11,-53
12421,1424,14,12,-55
12422,1424,14,11,-58
12423,1425,15,11,-62
12424,1446,16,10,-72
12425,1447,16,9,-74
12426,1438,16,8,-80
12427,1428,15,6,-85
12428,1429,14,5,-92
12429,1427,14,5,-95
12430,1418,14,4,-98
12431,1417,14,3,-102
12432,1417,14,2,-102
12433,1415,15,2,-103
12434,1409,16,0,-104
12435,1406,17,0,-105
12436,1411,18,-3,-104
12437,1408,18,-5,-103
12438,1395,17,-8,-102
12439,1388,16,-9,-98
12440,1389,16,-8,-96
12441,1394,14,-7,-93
12442,1403,12,-5,-93
12443,1416,10,-3,-96
12444,1418,7,-1,-99
12445,1416,6,-1,-99
12446,1416,6,-1,-101
12447,1421,9,-3,-105
12448,1432,22,-5,-113
12449,1428,27,-6,-115
12450,1417,34,-6,-117
12451,1404,47,-7,-119
12452,1405,50,-6,-118
12453,1410,52,-7,-119
12454,1414,49,-8,-123
12455,1430,40,-7,-126
12456,1439,33,-1,-131
12457,1441,23,9,-137
12458,1437,17,29,-140
12459,1403,9,43,-142
12460,1391,9,48,-143
12461,1393,13,49,-145
12462,1415,24,50,-141
12463,1389,33,54,-136
12464,1344,32,57,-128
12465,1342,21,54,-118
12466,1383,5,47,-108
12467,1413,-22,39,-105
12468,1417,-30,39,-106
12469,1423,-37,41,-107
12470,1428,-48,44,-109
12471,1421,-48,41,-118
12472,1422,-42,38,-120
12473,1426,-34,35,-124
12474,1413,-9,28,-127
12475,1404,0,27,-127
12476,1395,15,25,-127
12477,1395,26,25,-125
12478,1393,34,28,-121
12479,1389,36,30,-118
12480,1387,34,31,-114
12481,1390,33,30,-111
12482,1390,31,28,-109
12483,1388,26,25,-104
12484,1379,19,21,-99
12485,1371,13,17,-91
12486,1373,8,15,-87
12487,1374,4,14,-80
12488,1373,1,14,-75
12489,1377,-1,13,-70
12490,1382,-3,14,-68
12491,1388,-5,14,-64
12492,1397,-6,15,-63
12493,1405,-7,15,-63
12494,1421,-5,14,-68
12495,1426,-3,13,-70
12496,1431,-2,12,-73
12497,1428,-1,12,-77
12498,1418,0,12,-83
12499,1418,0,12,-84
12500,1410,-5,5,-97
12501,1410,-5,3,-98
12502,1411,-6,3,-99
12503,1413,-6,2,-100
12504,1416,-6,0,-100
12505,1419,-6,0,-103
12506,1420,-7,-1,-103
12507,1418,-7,-1,-104
12508,1415,-6,-1,-104
12509,1410,-6,-2,-105
12510,1403,-7,-2,-104
12511,1399,-6,-1,-104
12512,1396,-7,0,-102
12513,1398,-6,0,-101
12514,1405,-6,0,-101
12515,1410,-5,0,-100
12516,1412,-4,0,-103
12517,1422,-3,0,-106
12518,1419,-3,0,-107
12519,1415,-2,0,-108
12520,1413,-5,-1,-111
12521,1436,-11,-3,-116
12522,1437,-15,-4,-117
12523,1435,-18,-5,-120
12524,1429,-22,-6,-128
12525,1427,-22,-7,-129
12526,1414,-19,-5,-130
12527,1401,-13,-1,-133
12528,1414,-2,8,-136
12529,1433,7,21,-142
12530,1444,16,37,-151
12531,1435,19,48,-151
12532,1404,18,50,-148
12533,1357,6,52,-141
12534,1360,-8,59,-136
12535,1393,-14,73,-125
12536,1374,-11,75,-121
12537,1360,-5,65,-122
12538,1395,5,53,-121
12539,1414,19,44,-116
12540,1362,32,41,-108
12541,1367,34,42,-107
12542,1391,37,43,-107
12543,1444,40,46,-110
12544,1403,35,42,-117
12545,1394,32,39,-118
12546,1404,24,35,-121
12547,1449,8,26,-125
12548,1440,3,24,-126
12549,1410,-3,22,-127
12550,1392,-10,21,-126
12551,1395,-15,23,-120
12552,1386,-15,23,-116
12553,1359,-13,23,-108
12554,1352,-11,21,-99
12555,1384,-4,17,-92
12556,1386,0,14,-85
12557,1366,3,11,-80
12558,1363,5,9,-76
12559,1386,7,7,-69
12560,1388,9,7,-64
12561,1374,11,8,-60
12562,1374,12,9,-57
12563,1385,13,10,-55
12564,1407,16,10,-55
12565,1421,18,11,-59
12566,1432,19,11,-64
12567,1450,20,9,-75
12568,1446,20,9,-79
12569,1437,20,8,-83
12570,1429,20,7,-89
12571,1439,18,5,-97
12572,1435,17,5,-99
12573,1421,17,4,-102
12574,1412,17,3,-105
12575,1415,16,2,-106
12576,1414,17,1,-106
12577,1400,19,0,-105
12578,1398,20,-2,-105
12579,1413,21,-5,-105
12580,1414,20,-7,-104
12581,1404,20,-9,-103
12582,1393,17,-9,-101
12583,1393,16,-8,-100
12584,1399,14,-8,-99
12585,1402,12,-6,-97
12586,1406,11,-6,-98
12587,1415,10,-4,-101
12588,1422,8,-2,-102
12589,1420,7,0,-104
12590,1412,10,-3,-108
12591,1413,12,-4,-109
12592,1417,15,-5,-110
12593,1421,22,-7,-115
12594,1415,36,-12,-119
12595,1412,38,-13,-120
12596,1412,41,-13,-120
12597,1418,38,-11,-122
12598,1421,35,-9,-123
12599,1430,31,-4,-128
12600,1439,27,5,-134
12601,1435,22,32,-141
12602,1421,23,46,-148
12603,1417,30,53,-154
12604,1419,35,54,-153
12605,1409,40,54,-150
12606,1373,42,58,-144
12607,1342,37,61,-134
12608,1342,22,56,-116
12609,1362,4,49,-109
12610,1388,-8,40,-105
12611,1414,-23,37,-105
12612,1427,-38,39,-104
12613,1422,-45,42,-107
12614,1421,-47,41,-114
12615,1436,-42,36,-119
12616,1423,-28,29,-121
12617,1384,-1,23,-122
12618,1388,6,22,-120
12619,1399,14,21,-120
12620,1408,24,21,-118
12621,1384,33,23,-114
12622,1384,34,24,-113
12623,1394,34,25,-111
12624,1397,31,23,-106
12625,1390,29,21,-105
12626,1378,24,19,-100
12627,1378,18,17,-94
12628,1379,12,14,-89
12629,1374,8,13,-83
12630,1373,6,11,-79
12631,1378,3,11,-73
12632,1384,0,10,-69
12633,1386,-2,9,-68
12634,1387,-6,10,-64
12635,1383,-8,10,-60
12636,1389,-9,11,-58
12637,1410,-10,10,-60
12638,1428,-10,8,-64
12639,1437,-10,7,-71
12640,1434,-8,7,-80
12641,1430,-8,7,-82
12642,1425,-8,7,-85
12643,1425,-7,8,-89
12644,1431,-8,7,-94
12645,1430,-8,7,-96
12646,1423,-8,7,-99
12647,1411,-6,7,-101
12648,1409,-6,6,-101
12649,1410,-6,6,-102
12650,1413,-5,5,-103
12651,1412,-4,2,-105
12652,1416,-4,1,-107
12653,1419,-3,0,-109
12654,1414,-3,-2,-109
12655,1402,-2,-3,-109
12656,1401,-2,-3,-110
12657,1407,-3,-1,-109
12658,1412,-1,1,-109
12659,1409,0,3,-110
12660,1405,0,5,-110
12661,1409,3,6,-111
12662,1411,5,5,-112
12663,1421,0,1,-116
12664,1424,-2,0,-116
12665,1426,-5,-1,-117
12666,1424,-13,-4,-120
12667,1431,-25,-5,-126
12668,1431,-26,-5,-127
12669,1421,-28,-4,-127
12670,1384,-24,-3,-127
12671,1386,-21,-2,-127
12672,1407,-14,0,-128
12673,1432,-4,8,-132
12674,1423,6,29,-140
12675,1411,7,36,-143
12676,1410,5,38,-142
12677,1406,-3,40,-140
12678,1394,-15,48,-140
12679,1397,-17,59,-136
12680,1388,-14,65,-132
12681,1371,-8,59,-128
12682,1375,1,48,-125
12683,1385,5,45,-121
12684,1384,13,41,-113
12685,1352,21,39,-103
12686,1360,24,39,-100
12687,1397,29,42,-96
12688,1411,32,43,-94
12689,1380,31,43,-93
12690,1424,24,36,-97
12691,1451,21,33,-100
12692,1472,16,29,-105
12693,1460,9,24,-114
12694,1428,-1,20,-125
12695,1429,-3,21,-127
12696,1427,-5,22,-127
12697,1386,-8,25,-123
12698,1374,-8,25,-121
12699,1363,-5,24,-115
12700,1378,7,10,-73
12701,1374,7,10,-69
12702,1370,8,10,-67
12703,1368,8,10,-66
12704,1372,9,10,-64
12705,1383,10,11,-62
12706,1404,11,11,-61
12707,1412,12,11,-62
12708,1414,14,10,-61
12709,1413,15,10,-63
12710,1412,15,10,-64
12711,1412,17,9,-65
12712,1424,18,8,-70
12713,1438,19,8,-77
12714,1431,19,8,-79
12715,1420,19,7,-81
12716,1417,19,6,-86
12717,1441,17,5,-94
12718,1438,16,5,-96
12719,1425,15,4,-98
12720,1412,16,3,-103
12721,1415,17,2,-103
12722,1414,18,2,-104
12723,1403,19,1,-104
12724,1396,21,0,-103
12725,1404,21,-2,-101
12726,1411,21,-5,-100
12727,1404,19,-7,-99
12728,1395,18,-8,-98
12729,1394,17,-7,-97
12730,1405,15,-7,-96
12731,1414,14,-5,-97
12732,1411,11,-3,-98
12733,1412,8,-2,-100
12734,1419,7,-2,-102
12735,1416,8,-2,-104
12736,1414,10,-3,-106
12737,1422,16,-6,-112
12738,1431,26,-9,-115
12739,1416,37,-11,-117
12740,1406,47,-12,-120
12741,1416,47,-12,-120
12742,1426,46,-11,-122
12743,1434,42,-9,-127
12744,1430,32,-1,-135
12745,1434,28,3,-139
12746,1441,22,14,-143
12747,1423,12,41,-146
12748,1405,12,46,-147
12749,1387,14,49,-150
12750,1405,22,45,-151
12751,1387,33,50,-140
12752,1359,33,53,-136
12753,1318,25,55,-123
12754,1335,13,50,-107
12755,1385,0,44,-100
12756,1398,-15,39,-97
12757,1407,-27,39,-97
12758,1424,-34,42,-100
12759,1435,-41,44,-104
12760,1430,-41,42,-112
12761,1438,-31,36,-120
12762,1437,-19,33,-124
12763,1413,-7,31,-126
12764,1388,9,30,-125
12765,1384,24,29,-122
12766,1392,31,30,-119
12767,1398,37,30,-117
12768,1401,39,30,-116
12769,1402,37,30,-115
12770,1399,34,25,-113
12771,1397,32,25,-111
12772,1389,25,21,-107
12773,1378,19,19,-101
12774,1358,11,16,-90
12775,1359,7,14,-84
12776,1378,4,13,-78
12777,1386,1,14,-72
12778,1372,-1,14,-68
12779,1371,-3,14,-66
12780,1386,-4,14,-65
12781,1410,-5,15,-64
12782,1411,-5,15,-64
12783,1410,-4,14,-67
12784,1427,-4,14,-72
12785,1445,-3,14,-78
12786,1413,-2,14,-85
12787,1409,-2,13,-86
12788,1414,-2,13,-88
12789,1432,-2,12,-90
12790,1414,-2,12,-94
12791,1409,-2,12,-95
12792,1408,-2,11,-96
12793,1422,-3,8,-99
12794,1421,-3,7,-99
12795,1411,-4,5,-99
12796,1403,-4,2,-101
12797,1418,-5,0,-103
12798,1420,-5,-1,-104
12799,1417,-5,-2,-104
12800,1402,-5,-2,-103
12801,1393,-4,-2,-102
12802,1400,-4,-2,-100
12803,1405,-3,-2,-100
12804,1411,-3,-2,-101
12805,1418,-3,-1,-103
12806,1419,-2,0,-103
12807,1414,-1,1,-105
12808,1400,1,2,-105
12809,1402,1,1,-106
12810,1419,0,0,-108
12811,1436,-1,-1,-112
12812,1445,-4,-6,-119
12813,1458,-5,-12,-133
12814,1454,-5,-13,-137
12815,1439,-5,-13,-139
12816,1399,-4,-12,-139
12817,1375,0,-5,-132
12818,1378,0,-1,-129
12819,1387,2,6,-126
12820,1389,6,30,-124
12821,1391,8,37,-124
12822,1400,7,45,-123
12823,1408,-1,48,-121
12824,1418,-17,56,-124
12825,1412,-20,66,-125
12826,1391,-18,72,-123
12827,1376,-15,65,-123
12828,1399,-5,48,-123
12829,1415,-2,41,-123
12830,1422,8,38,-121
12831,1391,15,37,-118
12832,1375,21,39,-116
12833,1398,28,41,-115
12834,1423,31,43,-117
12835,1420,31,40,-121
12836,1409,20,33,-125
12837,1412,16,30,-125
12838,1417,13,28,-125
12839,1417,4,23,-124
12840,1388,-4,22,-119
12841,1383,-6,22,-117
12842,1383,-8,21,-114
12843,1382,-7,19,-105
12844,1376,-6,18,-103
12845,1367,-5,17,-97
12846,1375,-2,14,-91
12847,1392,1,12,-86
12848,1378,3,10,-80
12849,1366,5,9,-76
12850,1374,6,8,-71
12851,1392,8,8,-65
12852,1390,9,8,-63
12853,1381,11,9,-61
12854,1386,13,10,-60
12855,1415,16,10,-62
12856,1431,18,10,-65
12857,1431,20,9,-70
12858,1436,21,8,-77
12859,1444,21,7,-82
12860,1448,21,6,-88
12861,1436,21,4,-94
12862,1426,21,1,-100
12863,1423,21,0,-105
12864,1419,21,0,-105
12865,1408,21,-1,-105
12866,1393,20,0,-104
12867,1389,20,-1,-97
12868,1389,20,-1,-96
12869,1384,21,-2,-92
12870,1388,19,-5,-88
12871,1398,19,-6,-89
12872,1421,17,-8,-90
12873,1429,14,-11,-95
12874,1426,10,-12,-99
12875,1419,7,-10,-102
12876,1415,3,-6,-103
12877,1412,1,-1,-104
12878,1412,-2,3,-106
12879,1414,-2,4,-107
12880,1420,-3,3,-110
12881,1420,-2,0,-112
12882,1414,3,-2,-114
12883,1415,10,-4,-118
12884,1419,20,-5,-120
12885,1420,29,-6,-122
12886,1410,41,-5,-125
12887,1412,42,-5,-125
12888,1415,43,-5,-126
12889,1421,42,-6,-130
12890,1432,35,-7,-136
12891,1432,31,-7,-137
12892,1430,27,-3,-140
12893,1411,17,14,-142
12894,1402,15,21,-142
12895,1387,14,31,-140
12896,1383,16,38,-138
12897,1383,31,47,-132
12898,1380,37,59,-128
12899,1380,38,69,-124
12900,1404,-24,39,-97
12901,1395,-26,39,-97
12902,1391,-27,38,-97
12903,1397,-26,37,-99
12904,1416,-23,33,-101
12905,1440,-16,30,-103
12906,1443,-12,27,-103
12907,1435,-6,24,-106
12908,1424,0,22,-110
12909,1416,6,20,-113
12910,1416,11,19,-116
12911,1424,17,18,-121
12912,1441,24,18,-124
12913,1442,27,18,-124
12914,1417,31,20,-125
12915,1380,32,22,-123
12916,1387,28,24,-116
12917,1396,26,25,-114
12918,1393,22,24,-109
12919,1368,17,22,-104
12920,1368,11,18,-96
12921,1379,8,16,-88
12922,1373,5,15,-82
12923,1368,4,15,-77
12924,1369,4,15,-74
12925,1381,3,15,-69
12926,1391,1,15,-65
12927,1388,0,15,-62
12928,1389,-2,14,-61
12929,1411,-3,13,-63
12930,1434,-3,11,-66
12931,1435,-3,11,-72
12932,1426,-2,12,-75
12933,1420,-3,12,-80
12934,1430,-3,12,-84
12935,1435,-4,12,-88
12936,1411,-3,12,-93
12937,1408,-3,11,-94
12938,1408,-3,10,-94
12939,1415,-3,9,-95
12940,1411,-5,8,-96
12941,1405,-5,7,-96
12942,1402,-5,6,-97
12943,1415,-5,5,-96
12944,1415,-5,4,-98
12945,1411,-6,2,-99
12946,1409,-6,0,-101
12947,1417,-4,0,-102
12948,1417,-3,0,-103
12949,1413,-1,-1,-106
12950,1418,0,0,-109
12951,1416,0,1,-110
12952,1415,0,2,-110
12953,1414,0,4,-112
12954,1415,0,4,-114
12955,1411,-3,3,-115
12956,1414,-10,2,-116
12957,1427,-17,1,-118
12958,1434,-21,0,-123
12959,1436,-22,-2,-133
12960,1437,-21,-2,-134
12961,1432,-20,-2,-136
12962,1412,-19,0,-138
12963,1406,-15,15,-139
12964,1411,-12,20,-140
12965,1422,-8,30,-145
12966,1453,0,41,-159
12967,1451,0,39,-160
12968,1410,-5,35,-159
12969,1374,-16,36,-154
12970,1362,-19,48,-145
12971,1363,-10,52,-137
12972,1334,0,51,-126
12973,1313,7,49,-111
12974,1316,15,47,-106
12975,1352,23,48,-94
12976,1385,30,47,-84
12977,1395,32,46,-84
12978,1425,31,46,-88
12979,1460,29,42,-96
12980,1455,22,39,-101
12981,1416,11,35,-107
12982,1408,2,33,-109
12983,1426,-5,29,-112
12984,1434,-12,25,-114
12985,1417,-17,21,-119
12986,1417,-17,21,-122
12987,1416,-16,22,-123
12988,1408,-13,23,-123
12989,1381,-7,25,-119
12990,1372,2,23,-110
12991,1377,4,23,-105
12992,1375,10,21,-99
12993,1356,16,16,-87
12994,1357,16,15,-83
12995,1372,18,14,-76
12996,1378,19,13,-65
12997,1362,22,12,-59
12998,1372,23,11,-54
12999,1398,23,12,-51
13000,1412,22,12,-52
13001,1423,21,12,-58
13002,1431,20,12,-62
13003,1454,18,11,-68
13004,1459,16,10,-80
13005,1438,15,9,-84
13006,1418,13,8,-89
13007,1416,11,6,-92
13008,1424,11,5,-94
13009,1417,12,3,-98
13010,1416,12,3,-100
13011,1416,12,2,-102
13012,1419,14,0,-104
13013,1415,16,-1,-106
13014,1410,18,-1,-107
13015,1400,20,-4,-106
13016,1402,21,-7,-104
13017,1404,22,-7,-102
13018,1399,21,-8,-100
13019,1391,21,-8,-98
13020,1399,18,-8,-96
13021,1412,16,-7,-97
13022,1417,15,-4,-98
13023,1417,14,-2,-101
13024,1416,12,-2,-104
13025,1418,13,-3,-107
13026,1424,17,-4,-110
13027,1433,23,-7,-115
13028,1427,30,-10,-117
13029,1406,37,-13,-118
13030,1399,39,-17,-119
13031,1423,37,-20,-123
13032,1439,26,-20,-129
13033,1433,22,-18,-131
13034,1425,18,-14,-133
13035,1425,13,1,-140
13036,1418,7,45,-139
13037,1393,6,58,-138
13038,1355,7,69,-138
13039,1401,27,71,-136
13040,1427,34,72,-135
13041,1423,42,77,-132
13042,1369,40,75,-128
13043,1372,18,60,-120
13044,1401,10,54,-119
13045,1441,-6,45,-119
13046,1427,-21,44,-118
13047,1392,-38,45,-119
13048,1418,-46,44,-121
13049,1448,-47,41,-126
13050,1435,-41,33,-128
13051,1376,-21,27,-130
13052,1373,-13,25,-129
13053,1394,6,26,-124
13054,1383,26,27,-116
13055,1365,32,28,-114
13056,1368,36,30,-109
13057,1395,37,31,-103
13058,1398,37,29,-101
13059,1387,34,25,-98
13060,1393,32,23,-97
13061,1399,29,21,-94
13062,1392,23,16,-91
13063,1375,12,12,-85
13064,1379,8,11,-82
13065,1384,4,11,-78
13066,1375,-3,12,-70
13067,1371,-4,12,-67
13068,1375,-7,13,-64
13069,1391,-10,14,-60
13070,1406,-11,13,-62
13071,1421,-9,12,-65
13072,1435,-8,11,-69
13073,1435,-6,10,-75
13074,1423,-3,10,-80
13075,1421,-2,10,-82
13076,1424,-1,10,-85
13077,1424,0,9,-87
13078,1416,0,9,-90
13079,1417,0,8,-92
13080,1421,0,7,-93
13081,1413,0,7,-95
13082,1402,-1,5,-96
13083,1408,-1,5,-96
13084,1415,0,5,-96
13085,1416,-2,3,-96
13086,1402,-4,1,-98
13087,1403,-3,0,-98
13088,1412,-4,0,-99
13089,1413,-4,-1,-100
13090,1410,-4,-1,-101
13091,1407,-4,-1,-101
13092,1415,-5,0,-102
13093,1423,-6,5,-105
13094,1418,-5,7,-108
13095,1411,-1,8,-110
13096,1414,0,5,-115
13097,1430,0,3,-117
13098,1448,-3,0,-121
13099,1447,-8,-1,-126
13100,1397,-19,4,-141
13101,1408,-16,10,-141
13102,1411,-11,18,-141
13103,1406,-5,28,-139
13104,1389,0,43,-138
13105,1368,3,47,-136
13106,1368,3,49,-135
13107,1378,2,50,-133
13108,1394,-1,50,-133
13109,1413,-4,52,-134
13110,1423,-7,54,-133
13111,1418,-10,60,-132
13112,1393,-10,65,-131
13113,1376,-8,69,-129
13114,1369,-1,71,-124
13115,1384,6,62,-123
13116,1399,14,44,-117
13117,1393,17,43,-115
13118,1371,23,40,-108
13119,1363,29,41,-102
13120,1403,36,43,-100
13121,1419,39,44,-100
13122,1393,36,44,-98
13123,1373,30,41,-96
13124,1405,18,36,-97
13125,1431,13,33,-97
13126,1457,4,27,-103
13127,1440,-4,21,-111
13128,1425,-12,19,-116
13129,1436,-14,20,-119
13130,1419,-15,22,-117
13131,1365,-12,23,-111
13132,1383,-6,20,-104
13133,1402,-4,19,-100
13134,1408,-1,18,-97
13135,1371,1,15,-92
13136,1368,7,11,-83
13137,1384,8,10,-80
13138,1395,10,10,-75
13139,1358,13,10,-66
13140,1355,14,11,-64
13141,1377,16,12,-61
13142,1414,17,12,-59
13143,1421,20,13,-64
13144,1414,23,12,-67
13145,1431,23,11,-73
13146,1446,23,9,-78
13147,1441,21,8,-85
13148,1434,19,7,-88
13149,1429,17,6,-93
13150,1433,15,5,-100
13151,1426,13,5,-101
13152,1411,12,4,-103
13153,1406,12,3,-104
13154,1398,15,1,-103
13155,1395,16,0,-102
13156,1393,17,0,-102
13157,1400,18,-1,-101
13158,1414,20,-4,-102
13159,1401,21,-10,-100
13160,1398,20,-10,-101
13161,1399,19,-10,-100
13162,1410,17,-7,-98
13163,1409,16,-5,-99
13164,1403,16,-3,-98
13165,1409,16,-1,-101
13166,1425,15,0,-104
13167,1413,16,-2,-107
13168,1405,16,-3,-108
13169,1402,19,-6,-109
13170,1418,25,-9,-109
13171,1421,29,-11,-113
13172,1419,31,-12,-115
13173,1428,31,-12,-120
13174,1440,29,-11,-126
13175,1439,28,-8,-128
13176,1434,24,-1,-134
13177,1444,18,18,-145
13178,1454,15,31,-151
13179,1448,12,49,-156
13180,1412,18,55,-162
13181,1396,33,53,-163
13182,1385,48,60,-154
13183,1366,48,62,-147
13184,1335,43,63,-136
13185,1296,29,56,-121
13186,1387,5,45,-102
13187,1408,-2,44,-99
13188,1408,-15,44,-96
13189,1385,-32,51,-93
13190,1395,-37,51,-94
13191,1422,-40,49,-97
13192,1444,-37,41,-107
13193,1432,-19,33,-114
13194,1418,-4,31,-118
13195,1412,12,30,-119
13196,1404,23,31,-118
13197,1388,34,32,-116
13198,1390,37,32,-116
13199,1403,40,33,-115
13200,1417,40,33,-113
13201,1405,38,32,-113
13202,1395,33,29,-111
13203,1390,26,23,-107
13204,1379,16,17,-100
13205,1363,5,14,-87
13206,1362,2,14,-85
13207,1364,0,14,-80
13208,1370,-5,14,-74
13209,1386,-6,15,-69
13210,1390,-6,17,-67
13211,1391,-6,17,-66
13212,1393,-3,17,-65
13213,1405,-2,17,-65
13214,1426,0,17,-68
13215,1436,1,15,-73
13216,1426,2,14,-80
13217,1423,2,12,-84
13218,1422,1,12,-85
13219,1416,0,11,-87
13220,1410,-1,11,-87
13221,1407,-2,12,-87
13222,1415,-4,11,-88
13223,1416,-4,11,-89
13224,1402,-4,9,-90
13225,1403,-3,8,-90
13226,1413,-2,6,-91
13227,1416,-2,3,-92
13228,1415,-2,2,-93
13229,1415,-2,0,-96
13230,1419,-2,-2,-99
13231,1416,-3,-3,-100
13232,1408,-3,-3,-101
13233,1407,-3,-2,-102
13234,1406,-5,-1,-101
13235,1408,-6,0,-101
13236,1409,-6,1,-102
13237,1411,-6,1,-103
13238,1416,-6,2,-104
13239,1419,-5,2,-108
13240,1418,-6,1,-109
13241,1416,-9,0,-110
13242,1423,-13,0,-115
13243,1436,-17,-3,-119
13244,1446,-17,-6,-126
13245,1448,-16,-8,-134
13246,1438,-15,-9,-138
13247,1413,-12,-6,-141
13248,1405,-11,-2,-140
13249,1397,-8,4,-140
13250,1393,-5,24,-136
13251,1393,2,38,-138
13252,1418,8,50,-145
13253,1449,5,51,-149
13254,1400,-19,54,-152
13255,1389,-23,57,-152
13256,1387,-23,61,-150
13257,1382,-17,64,-144
13258,1348,-7,60,-135
13259,1330,8,45,-118
13260,1351,13,43,-114
13261,1385,20,42,-107
13262,1369,32,43,-96
13263,1362,35,44,-94
13264,1386,37,46,-93
13265,1430,39,45,-94
13266,1423,30,41,-100
13267,1414,23,37,-104
13268,1435,14,32,-108
13269,1447,7,27,-111
13270,1426,-2,22,-116
13271,1417,-5,19,-119
13272,1418,-10,17,-122
13273,1430,-13,16,-123
13274,1406,-13,17,-121
13275,1364,-10,18,-118
13276,1364,-5,19,-113
13277,1393,0,18,-106
13278,1357,6,15,-94
13279,1345,6,14,-90
13280,1342,8,13,-84
13281,1369,11,11,-76
13282,1370,11,10,-63
13283,1364,12,10,-61
13284,1363,13,11,-57
13285,1408,17,10,-53
13286,1421,18,10,-55
13287,1433,19,9,-58
13288,1433,20,8,-64
13289,1448,21,6,-75
13290,1449,20,5,-83
13291,1429,19,3,-87
13292,1416,18,2,-90
13293,1414,17,1,-91
13294,1419,15,0,-93
13295,1419,14,0,-95
13296,1412,14,-3,-99
13297,1412,14,-5,-100
13298,1424,14,-5,-104
13299,1429,14,-6,-106
13300,1385,6,-8,-95
13301,1396,5,-7,-94
13302,1406,5,-5,-93
13303,1413,5,-4,-93
13304,1413,6,-2,-94
13305,1405,8,-1,-95
13306,1402,9,0,-95
13307,1405,11,-1,-97
13308,1414,14,-2,-99
13309,1425,16,-3,-102
13310,1436,20,-4,-104
13311,1444,24,-7,-107
13312,1424,40,-12,-113
13313,1413,45,-13,-115
13314,1410,54,-14,-117
13315,1421,59,-14,-118
13316,1412,60,-13,-120
13317,1412,53,-12,-123
13318,1428,47,-12,-126
13319,1435,40,-9,-130
13320,1420,30,4,-131
13321,1414,26,12,-132
13322,1411,18,40,-133
13323,1406,12,67,-138
13324,1412,12,70,-142
13325,1430,19,67,-146
13326,1424,22,68,-146
13327,1381,16,64,-140
13328,1371,0,50,-130
13329,1384,-5,46,-128
13330,1399,-14,42,-124
13331,1405,-30,40,-118
13332,1395,-45,45,-117
13333,1411,-47,44,-120
13334,1439,-46,42,-125
13335,1424,-30,32,-131
13336,1398,-24,29,-131
13337,1372,-12,26,-130
13338,1382,-1,25,-125
13339,1383,18,27,-115
13340,1354,26,28,-109
13341,1364,28,29,-104
13342,1395,28,30,-99
13343,1412,28,29,-97
13344,1397,28,26,-96
13345,1380,27,22,-95
13346,1396,25,16,-93
13347,1408,20,14,-91
13348,1384,16,11,-87
13349,1367,9,11,-84
13350,1384,4,10,-77
13351,1389,2,11,-74
13352,1374,0,10,-68
13353,1367,-3,9,-65
13354,1395,-8,7,-62
13355,1408,-11,8,-61
13356,1404,-11,8,-62
13357,1409,-10,7,-64
13358,1429,-9,7,-68
13359,1437,-8,7,-76
13360,1434,-7,6,-79
13361,1426,-6,6,-84
13362,1429,-4,6,-90
13363,1432,-3,6,-92
13364,1425,-3,7,-94
13365,1409,-3,6,-96
13366,1413,-4,5,-98
13367,1421,-5,4,-99
13368,1417,-6,2,-100
13369,1411,-6,2,-102
13370,1410,-6,0,-105
13371,1414,-6,0,-105
13372,1417,-6,-1,-106
13373,1410,-5,-2,-105
13374,1397,-6,-2,-104
13375,1396,-5,-2,-103
13376,1408,-6,0,-103
13377,1414,-5,0,-102
13378,1398,-2,3,-103
13379,1400,-1,3,-102
13380,1403,0,5,-103
13381,1415,1,5,-104
13382,1424,-3,4,-108
13383,1426,-6,3,-109
13384,1427,-11,2,-112
13385,1447,-20,-2,-123
13386,1455,-22,-3,-127
13387,1460,-23,-6,-134
13388,1443,-21,-8,-143
13389,1416,-17,-12,-147
13390,1410,-13,-15,-147
13391,1397,-8,-15,-144
13392,1382,-4,-11,-139
13393,1369,0,-6,-135
13394,1360,6,9,-128
13395,1365,12,28,-124
13396,1391,15,48,-122
13397,1411,9,52,-121
13398,1414,-2,57,-122
13399,1422,-11,63,-127
13400,1426,-15,73,-129
13401,1391,-12,73,-127
13402,1373,-9,69,-125
13403,1359,-7,63,-120
13404,1362,0,51,-115
13405,1416,12,36,-108
13406,1412,15,36,-107
13407,1393,19,34,-106
13408,1379,27,36,-103
13409,1390,28,37,-102
13410,1405,28,38,-102
13411,1415,24,35,-105
13412,1447,17,27,-118
13413,1459,13,24,-124
13414,1464,8,20,-130
13415,1432,0,20,-132
13416,1389,-8,23,-131
13417,1383,-9,24,-124
13418,1372,-8,23,-116
13419,1355,-7,21,-105
13420,1358,-6,17,-97
13421,1373,-4,15,-95
13422,1391,-1,11,-88
13423,1369,0,9,-79
13424,1358,1,9,-76
13425,1368,1,8,-71
13426,1386,2,7,-64
13427,1381,5,7,-60
13428,1387,9,9,-56
13429,1401,10,10,-56
13430,1417,13,10,-57
13431,1423,16,11,-59
13432,1429,17,12,-68
13433,1438,17,11,-71
13434,1451,16,11,-76
13435,1439,15,8,-87
13436,1435,14,8,-91
13437,1437,14,6,-96
13438,1441,15,5,-102
13439,1423,18,3,-107
13440,1402,21,2,-107
13441,1392,22,0,-105
13442,1393,23,0,-102
13443,1391,25,0,-99
13444,1391,26,0,-98
13445,1398,26,-4,-97
13446,1414,25,-8,-98
13447,1420,23,-10,-99
13448,1411,20,-13,-99
13449,1405,15,-13,-100
13450,1417,12,-11,-103
13451,1419,8,-7,-105
13452,1413,6,-6,-106
13453,1404,6,-4,-107
13454,1400,5,-1,-107
13455,1398,7,-1,-104
13456,1396,10,-2,-103
13457,1392,13,-4,-102
13458,1408,22,-8,-102
13459,1418,24,-9,-103
13460,1431,25,-11,-107
13461,1439,25,-15,-114
13462,1446,21,-20,-125
13463,1446,18,-20,-130
13464,1430,12,-19,-134
13465,1418,10,-15,-134
13466,1393,5,-3,-133
13467,1385,3,15,-130
13468,1386,3,39,-125
13469,1386,5,57,-124
13470,1398,17,65,-129
13471,1424,30,73,-130
13472,1415,38,83,-130
13473,1392,45,89,-131
13474,1390,44,87,-131
13475,1403,32,78,-127
13476,1411,14,63,-125
13477,1415,-3,51,-125
13478,1431,-20,46,-128
13479,1432,-25,45,-131
13480,1430,-29,43,-133
13481,1428,-30,37,-138
13482,1405,-16,28,-139
13483,1392,-11,26,-138
13484,1375,-1,23,-135
13485,1372,18,22,-124
13486,1371,22,23,-120
13487,1366,27,25,-113
13488,1362,30,26,0
13489,1387,30,26,-100
13490,1401,30,25,-97
13491,1392,30,23,-96
13492,1383,28,20,-93
13493,1388,22,17,-90
13494,1392,20,16,-89
13495,1394,16,14,-85
13496,1384,11,15,-80
13497,1369,7,14,-76
13498,1370,5,15,-71
13499,1381,2,16,-65
13500,1426,0,13,-68
13501,1427,0,13,-70
13502,1432,-1,12,-73
13503,1439,0,11,-76
13504,1444,0,11,-81
13505,1442,0,10,-84
13506,1436,0,9,-87
13507,1430,0,9,-89
13508,1426,0,9,-91
13509,1426,-1,8,-94
13510,1427,-2,8,-94
13511,1427,-2,8,-96
13512,1418,-3,8,-96
13513,1408,-5,8,-98
13514,1410,-6,8,-98
13515,1411,-6,7,-98
13516,1400,-6,6,-98
13517,1403,-7,6,-97
13518,1412,-7,5,-98
13519,1413,-6,4,-99
13520,1421,-4,2,-104
13521,1434,-3,1,-107
13522,1432,-2,0,-110
13523,1413,-2,1,-111
13524,1396,-1,3,-110
13525,1402,-1,4,-110
13526,1413,-1,4,-110
13527,1415,-1,4,-111
13528,1409,-1,4,-113
13529,1412,-1,3,-116
13530,1427,-5,1,-118
13531,1435,-9,0,-121
13532,1431,-14,-1,-125
13533,1431,-16,-3,-131
13534,1436,-18,-5,-135
13535,1419,-17,-9,-137
13536,1407,-18,-10,-137
13537,1392,-17,-10,-136
13538,1388,-16,-7,-131
13539,1382,-13,1,-126
13540,1377,-9,15,-121
13541,1370,-4,33,-117
13542,1376,-1,48,-118
13543,1429,-4,56,-121
13544,1443,-7,57,-123
13545,1430,-18,63,-123
13546,1380,-26,81,-123
13547,1381,-22,85,-123
13548,1399,-12,79,-122
13549,1400,-2,60,-123
13550,1404,3,46,-124
13551,1434,10,41,-122
13552,1421,13,42,-121
13553,1388,19,44,-119
13554,1351,27,46,-116
13555,1410,29,45,-112
13556,1420,26,43,-111
13557,1404,21,40,-111
13558,1405,11,31,-116
13559,1428,7,28,-117
13560,1461,1,24,-120
13561,1433,-6,22,-122
13562,1375,-12,23,-120
13563,1389,-13,24,-115
13564,1397,-11,23,-109
13565,1376,-9,21,-104
13566,1363,-5,17,-99
13567,1378,-3,15,-96
13568,1402,-1,13,-91
13569,1379,1,11,-84
13570,1349,3,10,-78
13571,1361,7,11,-72
13572,1382,7,13,-65
13573,1381,8,14,-60
13574,1384,11,17,-56
13575,1399,13,17,-56
13576,1419,13,17,-57
13577,1439,17,17,-61
13578,1425,19,15,-71
13579,1426,20,14,-73
13580,1437,20,13,-77
13581,1443,19,9,-88
13582,1440,19,8,-90
13583,1433,20,5,-96
13584,1430,19,3,-101
13585,1419,19,0,-104
13586,1403,19,0,-104
13587,1394,18,0,-103
13588,1394,19,0,-101
13589,1397,19,-1,-100
13590,1401,19,-3,-99
13591,1406,18,-4,-98
13592,1409,17,-7,-98
13593,1404,15,-8,-98
13594,1402,13,-8,-98
13595,1409,12,-8,-98
13596,1414,11,-6,-99
13597,1411,11,-5,-99
13598,1407,10,-2,-100
13599,1409,8,0,-101
13600,1406,9,2,-100
13601,1402,20,-2,-102
13602,1405,25,-4,-103
13603,1412,32,-7,-104
13604,1422,39,-12,-107
13605,1435,44,-16,-114
13606,1438,43,-17,-118
13607,1439,40,-17,-121
13608,1436,33,-14,-130
13609,1433,30,-13,-131
13610,1423,23,-9,-133
13611,1406,16,-2,0
13612,1409,7,24,-134
13613,1404,5,47,-134
13614,1384,5,61,-135
13615,1386,10,64,-137
13616,1423,26,67,-137
13617,1425,31,69,-137
13618,1404,35,71,-135
13619,1378,28,62,-131
13620,1382,14,51,-129
13621,1414,-1,38,-125
13622,1423,-18,34,-120
13623,1388,-34,37,-116
13624,1396,-50,40,-116
13625,1421,-52,38,-118
13626,1447,-50,34,-122
13627,1448,-41,27,-128
13628,1392,-18,24,-134
13629,1393,-10,25,-135
13630,1402,3,27,-132
13631,1374,19,31,-125
13632,1365,22,32,-122
13633,1370,27,33,-116
13634,1396,31,32,-112
13635,1393,34,27,-109
13636,1376,33,21,-106
13637,1379,29,16,-102
13638,1384,27,12,-95
13639,1365,20,9,-86
13640,1357,19,9,-82
13641,1354,15,9,-77
13642,1371,10,10,-67
13643,1377,6,11,-62
13644,1375,2,13,-58
13645,1388,0,13,-54
13646,1414,-4,12,-56
13647,1422,-6,11,-60
13648,1419,-6,10,-63
13649,1419,-6,10,-66
13650,1429,-5,11,-70
13651,1425,-3,11,-77
13652,1421,-3,11,-79
13653,1423,-4,11,-83
13654,1434,-4,9,-87
13655,1430,-4,8,-89
13656,1419,-4,6,-92
13657,1418,-4,5,-96
13658,1429,-3,4,-98
13659,1413,-2,3,-101
13660,1404,-2,3,-102
13661,1406,0,1,-104
13662,1430,0,0,-106
13663,1419,1,0,-107
13664,1400,1,0,-108
13665,1400,1,-1,-110
13666,1424,-2,-2,-110
13667,1426,-2,-2,-110
13668,1413,-4,-2,-111
13669,1402,-4,0,-112
13670,1405,-3,0,-112
13671,1411,0,1,-113
13672,1415,2,0,-116
13673,1427,1,-4,-121
13674,1434,-6,-7,-125
13675,1431,-11,-7,-126
13676,1426,-18,-7,-128
13677,1425,-27,-6,-130
13678,1416,-36,-4,-133
13679,1411,-37,-4,-133
13680,1404,-37,-2,-135
13681,1411,-32,4,-138
13682,1415,-26,14,-139
13683,1412,-20,26,-140
13684,1402,-8,44,-142
13685,1408,1,50,-146
13686,1409,1,49,-145
13687,1396,-1,51,-142
13688,1369,-6,61,-132
13689,1353,-1,67,-123
13690,1347,5,67,-114
13691,1354,10,59,-108
13692,1383,11,46,-105
13693,1428,13,43,-103
13694,1410,15,42,-103
13695,1391,15,43,-104
13696,1400,17,45,-103
13697,1408,17,46,-99
13698,1381,14,46,-96
13699,1365,9,44,-94
13700,1420,-9,27,-121
13701,1402,-7,27,-121
13702,1384,-5,27,-119
13703,1371,-3,26,-117
13704,1377,-1,25,-113
13705,1387,0,24,-111
13706,1395,1,22,-108
13707,1396,2,21,-105
13708,1388,5,19,-103
13709,1376,5,18,-100
